Term/Year Code,Coll,Dept,Degree,Major code,Major Name,Conc code,Concentration Name (if any),Total,Sex: Men,Sex: Women,Sex: Unknown,Ethnicity: Caucasian,Ethnicity: Asian American,Ethnicity: African American,Ethnicity: Hispanic,Ethnicity: Native American,Ethnicity: Hawaiian/Pacific Isl,Ethnicity: Multiracial,Ethnicity: International,Ethnicity: Unknown,All: African American,All: Native American,All: Hawaiian/ Pac Isl,All: Asian,URM,Residency: Illinois,Residency: Non-Illinois,Academic Program Code
120228,KL,306,BS,5895,Metropolitan Food & Enviro Sys,,,5,4,1,0,3,0,0,2,0,0,0,0,0,0,0,0,0,2,4,1,
120228,KL,306,MS,5188,Agricultural Production,,,5,1,4,0,3,0,0,1,0,0,0,1,0,0,0,0,0,1,4,1,
120228,KL,306,MS,5599,Bioprocessing and Bioenergy,,,10,6,4,0,3,0,0,1,0,0,0,6,0,0,0,0,0,1,2,8,
120228,KL,342,BS,5740,"Ag Ldrship, Ed & Communication",,,103,31,72,0,87,0,5,6,0,0,4,1,0,8,0,0,1,14,98,5,
120228,KL,342,MS,5740,"Ag Ldrship, Ed & Communication",,,34,7,27,0,31,1,0,1,0,0,1,0,0,0,1,0,1,2,33,1,
120228,KL,342,NDEG,5740,"Ag Ldrship, Ed & Communication",,,29,5,24,0,14,0,0,0,0,0,0,0,15,0,0,0,0,0,0,29,
120228,KL,470,BS,176,Agr & Consumer Economics,,,733,512,221,0,435,79,33,117,0,0,20,39,10,48,2,4,96,158,661,72,
120228,KL,470,MAAE,5870,Agricultural & Applied Econ,,,6,5,1,0,3,0,0,1,0,0,0,2,0,0,0,0,0,1,4,2,
120228,KL,470,MS,5273,Agricultural & Applied Econ,,,11,4,7,0,6,1,1,0,0,0,0,2,1,1,0,0,1,1,5,6,
120228,KL,470,PHD,5273,Agricultural & Applied Econ,,,56,28,28,0,4,2,0,2,0,0,0,47,1,0,0,0,2,2,3,53,
120228,NB,593,NDEG,67,Nondegree,,,561,325,234,2,159,19,14,13,0,0,3,343,10,17,1,1,22,28,200,361,
120228,KL,483,NONE,5621,ACES Undeclared,,,78,39,39,0,42,6,8,14,0,0,5,2,1,13,4,0,9,26,70,8,
120228,KL,538,BS,2,Animal Sciences,,,533,87,445,1,272,51,32,151,1,0,14,6,6,44,12,3,59,195,490,43,
120228,KL,538,BS,5864,Computer Sci & Animal Sci,,,4,3,1,0,2,2,0,0,0,0,0,0,0,0,0,0,2,0,3,1,
120228,KL,538,BS,8501,Agriculture,,,1,1,0,0,0,0,1,0,0,0,0,0,0,1,0,0,0,1,1,0,
120228,KL,538,MANSC,2,Animal Sciences,,,14,1,13,0,6,1,4,3,0,0,0,0,0,5,1,0,1,7,12,2,
120228,KL,538,MS,2,Animal Sciences,,,35,8,27,0,27,0,0,1,0,0,1,6,0,1,0,0,0,2,19,16,
120228,LP,992,MS,4026,Bioinformatics,,,17,11,6,0,3,2,0,1,0,0,0,11,0,0,0,0,2,1,3,14,
120228,KL,538,NDEG,2,Animal Sciences,,,24,2,22,0,10,1,0,0,0,0,0,3,10,0,0,0,1,0,2,22,
120228,KL,538,PHD,2,Animal Sciences,,,29,8,21,0,13,2,1,2,0,0,1,10,0,1,1,0,3,3,13,16,
120228,KL,698,BS,37,Food Science & Human Nutrition,,,268,73,195,0,118,57,18,30,1,0,6,35,3,19,1,1,64,51,208,60,
120228,KL,698,MS,37,Food Science & Human Nutrition,,,112,32,80,0,44,16,4,7,0,0,3,37,1,5,1,0,19,12,41,71,
120228,KL,698,PHD,37,Food Science & Human Nutrition,,,44,18,26,0,8,0,0,3,0,0,0,31,2,1,0,0,0,3,5,39,
120228,KL,741,BS,25,Technical Systems Management,,,54,50,4,0,32,3,6,13,0,0,0,0,0,7,1,0,4,19,54,0,
120228,KL,741,BS,6028,Engr Tech & Mgmt for Ag Sys,,,110,91,19,0,55,10,10,29,1,0,2,2,1,13,2,2,13,42,102,8,
120228,KL,741,BSAG,5163,Agricultural & Biological Engr,,,36,17,19,0,25,4,1,2,0,0,1,2,1,1,0,0,5,3,25,11,
120228,KL,741,MS,25,Technical Systems Management,,,11,6,5,0,6,0,1,2,0,0,0,2,0,1,0,0,1,3,8,3,
120228,KL,741,MS,6028,Engr Tech & Mgmt for Ag Sys,,,4,3,1,0,2,0,0,0,0,0,0,2,0,0,0,0,0,0,1,3,
120228,KL,793,BS,48,Human Development & Family St,,,245,15,230,0,96,16,37,85,0,0,5,3,3,43,5,1,19,126,237,8,
120228,KL,793,PHD,5577,Human Dvlpmt & Family Studies,,,28,4,24,0,5,1,1,6,0,0,1,14,0,3,0,0,3,7,4,24,
120228,KL,802,BS,30,Crop Sciences,,,57,30,27,0,38,4,2,9,0,0,1,2,1,2,3,0,5,11,50,7,
120228,KL,802,BS,63,Horticulture,,,1,0,1,0,1,0,0,0,0,0,0,0,0,0,0,0,0,0,1,0,
120228,KL,802,BS,177,Agronomy,,,7,3,4,0,6,0,0,0,0,0,0,1,0,0,0,0,0,0,6,1,
120228,KL,802,BS,5461,Plant Biotechnology,,,26,7,19,0,18,2,0,4,0,0,1,1,0,0,0,0,4,4,23,3,
120228,KL,802,BS,5623,Computer Science&Crop Sciences,,,15,8,7,0,5,7,0,0,0,0,0,3,0,0,0,0,7,0,7,8,
120228,KL,802,MS,30,Crop Sciences,,,48,22,25,1,28,3,0,5,0,0,1,9,2,0,0,0,4,5,25,23,
120228,KL,802,NDEG,63,Horticulture,,,35,14,21,0,23,0,3,4,0,0,0,0,5,3,0,0,0,7,0,35,
120228,KL,802,PHD,30,Crop Sciences,,,47,23,23,1,16,0,0,1,0,0,0,30,0,0,0,0,0,1,11,36,
120228,KL,875,BS,51,Natural Resrcs & Environ Sci,,,280,126,153,1,174,28,9,39,0,0,14,15,1,14,4,2,39,53,255,25,
120228,KL,875,MS,190,Natural Res & Env Sciences,,,100,46,54,0,78,4,0,9,1,0,2,5,1,0,1,0,6,10,45,55,
120228,KL,875,NDEG,190,Natural Res & Env Sciences,,,1,1,0,0,1,0,0,0,0,0,0,0,0,0,0,0,0,0,1,0,
120228,KL,875,PHD,190,Natural Res & Env Sciences,,,43,22,21,0,18,0,1,2,0,0,1,21,0,2,1,0,0,4,8,35,
120228,KL,971,MS,191,Nutritional Sciences,,,21,3,18,0,11,1,0,3,0,0,0,6,0,0,0,0,1,3,7,14,
120228,KL,971,PHD,191,Nutritional Sciences,,,37,11,26,0,11,3,2,6,0,0,0,15,0,2,1,0,3,8,5,32,
120228,KM,260,BS,75,Finance,,,747,539,208,0,372,161,29,75,1,0,20,78,11,41,3,2,179,114,597,150,
120228,KM,260,BS,6076,Finance + Data Science,,,2,1,1,0,1,1,0,0,0,0,0,0,0,0,0,0,1,0,1,1,
120228,KM,260,MS,5624,Finance,,,309,168,141,0,2,3,1,1,0,0,0,302,0,1,0,0,3,2,4,305,
120228,KM,260,PHD,5624,Finance,,,15,8,7,0,2,1,0,0,0,0,0,12,0,0,0,0,1,0,0,15,
120228,KM,346,BS,71,Accountancy,,,686,370,316,0,254,168,18,62,0,0,21,152,11,22,4,1,188,84,481,205,
120228,KM,346,CERT,6017,Accounting Data Analytics,,,9,3,6,0,4,0,0,1,0,0,0,0,4,0,0,0,0,1,1,8,
120228,KM,346,MAS,5666,Accountancy,,,184,102,82,0,68,17,9,21,0,0,2,66,1,11,2,0,18,31,106,78,
120228,KM,346,MS,5666,Accountancy,,,628,299,325,4,213,115,27,47,1,0,9,164,52,32,7,2,120,81,151,477,
120228,KM,346,NDEG,5666,Accountancy,,,28,16,11,1,13,5,2,1,0,0,0,3,4,2,0,0,5,3,7,21,
120228,KM,346,PHD,5666,Accountancy,,,16,8,8,0,6,2,2,0,0,0,0,6,0,2,0,0,2,2,1,15,
120228,KM,902,BS,1432,Marketing,,,315,111,203,1,146,75,19,47,0,0,10,16,2,24,4,2,85,68,267,48,
120228,KM,902,BS,5071,Supply Chain Management,,,86,38,48,0,49,21,3,7,0,0,1,5,0,3,1,0,22,10,78,8,
120228,KM,902,BS,5073,Management,,,81,42,39,0,32,13,6,18,0,0,3,8,1,8,1,0,17,24,67,14,
120228,KM,902,BS,5597,Information Systems,,,128,72,56,0,36,57,3,14,0,0,4,13,1,6,1,0,62,19,96,32,
120228,KM,902,BS,5600,Operations Management,,,35,19,16,0,15,9,1,4,0,0,2,2,2,1,1,1,11,6,30,5,
120228,KM,902,BS,5741,STR BUS DEV & Entrepreneurship,,,38,23,15,0,12,7,4,9,0,0,1,5,0,5,0,0,8,13,30,8,
120228,KM,902,CERT,6011,Strategic Leadership & Mgmt,,,28,17,11,0,13,3,3,1,1,0,0,2,5,3,1,0,3,5,8,20,
120228,KM,902,MS,5148,Technology Management,,,79,47,32,0,0,0,0,0,0,0,0,79,0,0,0,0,0,0,0,79,
120228,KM,902,MS,5590,Management,,,687,380,303,4,204,86,53,52,1,1,13,91,186,65,4,6,96,118,154,533,
120228,KM,902,MS,5964,Business Analytics,,,99,52,47,0,4,5,1,0,0,0,0,88,1,1,0,0,5,1,7,92,
120228,KM,902,NDEG,5590,Management,,,64,32,31,1,12,13,5,7,0,0,0,6,21,5,0,0,13,12,14,50,
120228,KM,902,PHD,79,Business Administration,,,33,15,18,0,2,0,0,0,0,0,0,31,0,0,0,0,0,0,1,32,
120228,KM,952,MBA,9875,Business Administration (MBA),,,3961,2610,1335,16,1757,782,184,287,3,7,58,361,522,215,30,12,827,508,1167,2794,
120228,KM,952,NDEG,9875,Business Administration (MBA),,,181,122,56,3,73,30,3,14,0,1,4,10,46,5,1,1,34,19,45,136,
120228,KM,952,NONE,70,Business Undeclared,,,922,507,414,1,378,217,43,117,0,0,39,118,10,60,14,3,247,174,713,209,
120228,KN,335,BS,5391,Learning and Education Studies,,,36,6,30,0,10,8,4,5,0,0,0,9,0,5,1,0,8,9,25,11,
120228,KN,570,BS,93,Special Education,,,102,16,86,0,78,3,0,18,0,0,3,0,0,0,1,0,6,18,99,3,
120228,KN,570,EDM,93,Special Education,,,32,8,24,0,20,2,1,5,0,0,2,1,1,3,1,0,2,8,29,3,
120228,KN,570,PHD,93,Special Education,,,26,4,22,0,13,2,3,2,0,0,1,5,0,4,2,0,2,6,14,12,
120228,KN,613,BS,94,Early Childhood Education,,,100,4,96,0,46,7,11,28,0,0,2,5,1,11,1,0,10,39,95,5,
120228,KN,613,BS,95,Elementary Education,,,331,15,316,0,209,36,10,57,0,0,15,3,1,17,4,3,47,76,324,7,
120228,KN,613,BS,5422,Middle Grades Education,,,119,26,93,0,60,15,14,25,0,0,4,1,0,14,3,0,20,40,117,2,
120228,KN,613,EDD,1144,Curriculum and Instruction,,,1,0,1,0,0,0,0,1,0,0,0,0,0,1,0,0,0,1,1,0,
120228,KN,613,EDM,95,Elementary Education,,,2,1,1,0,1,0,0,1,0,0,0,0,0,0,0,0,0,1,2,0,
120228,KN,613,EDM,1144,Curriculum and Instruction,,,87,16,71,0,59,7,5,6,0,0,2,4,4,5,1,0,9,12,64,23,
120228,KN,613,EDM,5082,Early Childhood Education,,,2,0,2,0,0,0,0,1,0,0,0,1,0,0,0,0,0,1,1,1,
120228,KN,613,EDM,8527,Secondary Education,,,20,8,12,0,15,1,1,2,0,0,1,0,0,1,0,0,2,3,18,2,
120228,KN,613,MA,1144,Curriculum and Instruction,,,3,1,2,0,2,0,0,0,0,0,0,1,0,0,0,0,0,0,2,1,
120228,KN,613,MS,1144,Curriculum and Instruction,,,8,3,5,0,3,1,0,1,0,0,0,3,0,0,0,0,1,1,3,5,
120228,KN,613,NDEG,1144,Curriculum and Instruction,,,53,20,33,0,31,2,8,6,0,0,0,0,6,8,0,0,3,14,0,53,
120228,KN,613,PHD,1144,Curriculum and Instruction,,,51,14,36,1,14,1,7,2,0,0,0,27,0,7,1,0,1,9,18,33,
120228,KN,616,MS,5865,Educational Psychology,,,4,2,2,0,1,0,0,0,0,0,0,3,0,0,0,0,0,0,1,3,
120228,KN,616,MS,5998,Mental Health Counseling,,,7,0,7,0,2,1,1,0,0,0,1,2,0,1,0,0,2,1,5,2,
120228,KN,616,PHD,5865,Educational Psychology,,,52,13,39,0,13,5,10,4,0,0,2,17,1,12,3,0,6,15,14,38,
120228,KN,760,CAS,5399,"Educ Policy, Orgzn & Leadrshp",,,4,1,3,0,3,0,1,0,0,0,0,0,0,1,0,0,0,1,4,0,
120228,KN,760,CERT,6098,International Ed Leadership,,,5,1,4,0,3,0,1,1,0,0,0,0,0,2,0,0,0,2,0,5,
120228,KN,760,CERT,6099,Learning & Design Leadership,,,2,1,1,0,1,0,1,0,0,0,0,0,0,1,0,0,0,1,1,1,
120228,KN,760,CERT,6117,Instruct Sys Design Mgmt Lead,,,3,1,2,0,3,0,0,0,0,0,0,0,0,0,0,0,0,0,1,2,
120228,KN,760,EDD,5399,"Educ Policy, Orgzn & Leadrshp",,,440,141,295,4,222,30,82,60,0,2,8,5,31,97,9,4,36,149,192,248,
120228,KN,760,EDM,5399,"Educ Policy, Orgzn & Leadrshp",,,262,77,185,0,166,12,28,23,0,1,9,9,14,33,5,1,16,57,147,115,
120228,KN,760,MA,5399,"Educ Policy, Orgzn & Leadrshp",,,1,0,1,0,0,0,0,1,0,0,0,0,0,0,0,0,0,1,1,0,
120228,KN,760,NDEG,5399,"Educ Policy, Orgzn & Leadrshp",,,79,22,57,0,41,3,7,6,0,0,1,2,19,7,1,0,4,13,0,79,
120228,KN,760,PHD,209,Ed Organization and Leadership,,,1,0,1,0,0,1,0,0,0,0,0,0,0,0,0,0,1,0,1,0,
120228,KN,760,PHD,220,Educational Policy Studies,,,1,0,1,0,1,0,0,0,0,0,0,0,0,0,0,0,0,0,1,0,
120228,KN,760,PHD,5399,"Educ Policy, Orgzn & Leadrshp",,,125,40,85,0,35,12,26,14,0,0,3,34,1,32,1,0,13,42,55,70,
120228,KP,227,BS,5163,Agricultural & Biological Engr,,,40,24,16,0,22,5,0,8,0,0,1,4,0,2,1,0,7,8,34,6,
120228,KP,973,MENGR,1211,Engineering,,,75,64,11,0,29,12,1,6,0,0,1,24,2,2,1,0,13,7,21,54,
120228,KP,227,MS,5163,Agricultural & Biological Engr,,,21,11,10,0,3,0,0,1,0,0,0,17,0,0,0,0,0,1,4,17,
120228,KP,227,NDEG,1211,Engineering,,,22,17,5,0,9,4,0,1,0,0,1,4,3,0,0,0,5,1,0,22,
120228,KP,227,PHD,5163,Agricultural & Biological Engr,,,48,32,15,1,9,2,0,1,0,0,1,35,0,0,1,0,3,1,2,46,
120228,KP,244,BS,121,Engineering Physics,,,245,205,40,0,95,61,1,17,0,0,8,62,1,3,1,0,68,19,129,116,
120228,KV,580,BS,240,Physics,,,254,209,45,0,85,51,3,14,0,0,8,90,3,6,0,0,59,18,120,134,
120228,KP,244,MS,240,Physics,,,1,0,1,0,1,0,0,0,0,0,0,0,0,0,0,0,0,0,0,1,
120228,KP,244,PHD,240,Physics,,,307,220,87,0,103,27,1,20,0,0,15,140,1,7,3,2,41,24,20,287,
120228,KP,251,BS,106,Civil Engineering,,,689,453,236,0,336,125,15,94,0,1,30,80,8,25,2,3,151,120,505,184,
120228,KP,251,MS,106,Civil Engineering,,,257,186,68,3,77,16,2,8,1,0,6,145,2,3,3,0,20,13,61,196,
120228,KP,251,MS,231,Environ Engr in Civil Engr,,,53,30,23,0,20,2,0,2,0,0,2,27,0,0,0,0,4,2,14,39,
120228,KP,251,NDEG,106,Civil Engineering,,,46,28,18,0,0,0,0,0,0,0,0,45,1,0,0,0,0,0,0,46,
120228,KP,251,PHD,106,Civil Engineering,,,201,147,54,0,11,5,1,4,0,0,0,178,2,1,0,0,6,5,8,193,
120228,KP,251,PHD,231,Environ Engr in Civil Engr,,,51,22,29,0,7,1,0,3,0,0,2,38,0,1,3,0,1,5,3,48,
120228,KP,343,BS,408,Bioengineering,,,386,172,214,0,143,152,6,27,0,0,20,28,10,9,0,1,172,36,284,102,
120228,KP,343,MENGR,408,Bioengineering,,,31,18,13,0,10,8,5,2,0,0,1,5,0,5,1,0,9,8,14,17,
120228,KP,343,MS,408,Bioengineering,,,4,3,1,0,1,0,0,1,0,0,0,2,0,0,0,0,0,1,2,2,
120228,KP,343,MS,6019,Biomedical Image Computing,,,3,1,2,0,0,0,0,1,0,0,0,2,0,0,0,0,0,1,1,2,
120228,KP,343,PHD,408,Bioengineering,,,108,66,42,0,23,10,2,5,0,0,2,66,0,2,1,0,12,7,12,96,
120228,KP,422,BS,127,Industrial Engineering,,,292,217,75,0,99,93,6,14,0,0,7,66,7,7,0,2,99,22,166,126,
120228,KP,422,BS,5532,Systems Engineering and Design,,,318,231,87,0,118,82,5,47,0,0,7,52,7,7,1,2,93,53,202,116,
120228,KP,422,MS,127,Industrial Engineering,,,84,64,20,0,3,2,1,0,0,0,1,77,0,1,1,0,3,2,4,80,
120228,KP,422,MS,3846,Systems & Entrepreneurial Engr,,,10,8,2,0,3,1,0,0,0,0,0,6,0,0,0,0,1,0,3,7,
120228,KP,422,PHD,127,Industrial Engineering,,,49,30,19,0,4,5,1,0,0,0,1,38,0,1,0,0,6,1,1,48,
120228,KP,422,PHD,3846,Systems & Entrepreneurial Engr,,,15,8,7,0,1,0,0,1,0,0,1,12,0,1,1,0,0,2,1,14,
120228,KP,434,BS,112,Computer Science,,,1296,870,426,0,188,635,26,72,0,0,36,314,25,30,5,4,671,105,586,710,
120228,KP,434,CERT,6079,Computing Fundamentals,,,33,21,11,1,12,4,3,2,1,0,1,5,5,3,1,0,5,6,17,16,
120228,KP,434,MCS,112,Computer Science,,,1985,1501,469,15,329,438,30,59,0,3,21,832,273,38,7,4,456,98,218,1767,
120228,KP,434,MS,112,Computer Science,,,156,126,30,0,7,23,0,3,0,0,2,119,2,2,2,0,24,4,5,151,
120228,KP,434,NDEG,112,Computer Science,,,8,5,3,0,3,2,1,0,0,0,0,1,1,1,0,0,2,1,1,7,
120228,KP,434,PHD,112,Computer Science,,,492,374,118,0,73,55,7,20,0,0,6,324,7,9,4,0,62,29,21,471,
120228,KP,545,MS,5244,Financial Engineering,,,59,43,16,0,0,3,0,0,0,0,0,56,0,0,0,0,3,0,2,57,
120228,KP,545,NONE,5333,Engineering Undeclared,,,207,149,58,0,80,38,11,47,0,0,9,19,3,15,2,0,45,60,164,43,
120228,KP,615,BS,4048,Aerospace Engineering,,,645,526,119,0,250,187,7,82,0,0,34,71,14,14,3,2,217,97,395,250,
120228,KP,615,MS,4048,Aerospace Engineering,,,157,137,20,0,56,24,3,7,0,0,5,59,3,3,2,1,27,13,27,130,
120228,KP,615,PHD,4048,Aerospace Engineering,,,122,102,20,0,41,15,2,5,0,0,1,58,0,3,0,0,16,7,18,104,
120228,KP,917,BS,118,Engineering Mechanics,,,105,94,11,0,37,26,1,9,0,1,6,24,1,3,0,1,31,12,59,46,
120228,KP,917,BS,133,Mechanical Engineering,,,934,753,181,0,353,245,13,113,1,0,42,154,13,20,10,4,284,135,571,363,
120228,KP,917,MENGR,133,Mechanical Engineering,,,86,76,10,0,20,13,2,7,0,0,2,41,1,3,0,0,16,10,26,60,
120228,KP,917,MS,133,Mechanical Engineering,,,39,35,4,0,7,2,2,0,0,0,4,24,0,4,0,1,4,5,7,32,
120228,KP,917,MS,242,Theoretical & Applied Mechans,,,3,2,0,1,0,0,0,0,0,0,0,3,0,0,0,0,0,0,0,3,
120228,KP,917,NDEG,133,Mechanical Engineering,,,44,39,5,0,0,0,0,0,0,0,0,43,1,0,0,0,0,0,0,44,
120228,KP,917,PHD,133,Mechanical Engineering,,,300,243,57,0,49,14,2,8,0,0,1,226,0,3,0,0,16,10,22,278,
120228,KP,917,PHD,242,Theoretical & Applied Mechans,,,15,13,2,0,4,2,0,0,0,0,0,9,0,0,0,0,2,0,0,15,
120228,KP,919,BS,130,Materials Science & Engr,,,294,202,92,0,97,75,4,24,0,0,14,78,2,5,1,0,90,29,148,146,
120228,KP,919,MS,130,Materials Science & Engr,,,44,32,12,0,5,1,0,1,0,0,0,37,0,0,0,0,1,1,3,41,
120228,KP,919,PHD,130,Materials Science & Engr,,,174,124,50,0,39,19,1,5,0,0,2,108,0,1,0,0,22,6,10,164,
120228,KP,933,BS,109,Computer Engineering,,,1331,1119,212,0,292,543,23,69,0,0,37,354,13,32,5,1,576,99,595,736,
120228,KP,933,BS,115,Electrical Engineering,,,917,800,115,2,260,309,13,54,0,0,42,226,13,16,8,3,347,75,410,507,
120228,KP,933,MENGR,1200,Electrical & Computer Engr,,,161,131,27,3,15,21,1,1,0,0,0,122,1,1,0,0,21,2,14,147,
120228,KP,933,MS,1200,Electrical & Computer Engr,,,150,131,19,0,18,25,0,3,0,0,4,100,0,1,0,0,29,3,17,133,
120228,KP,933,NDEG,109,Computer Engineering,,,72,58,14,0,1,0,0,0,0,0,0,70,1,0,0,0,0,0,0,72,
120228,KP,933,NDEG,115,Electrical Engineering,,,65,52,13,0,0,0,0,0,0,0,0,65,0,0,0,0,0,0,0,65,
120228,KP,933,PHD,1200,Electrical & Computer Engr,,,373,302,71,0,63,28,1,3,0,0,3,275,0,1,1,0,30,5,28,345,
120228,KP,973,BS,5183,"Nuclear, Plasma, Radiolgc Engr",,,127,105,21,1,78,17,4,12,0,0,9,5,2,5,2,1,25,19,88,39,
120228,KP,973,MS,5183,"Nuclear, Plasma, Radiolgc Engr",,,24,22,2,0,15,1,0,1,0,0,2,4,1,0,1,0,2,2,12,12,
120228,KP,973,PHD,5183,"Nuclear, Plasma, Radiolgc Engr",,,77,67,10,0,25,5,1,3,0,0,2,39,2,1,0,0,7,4,17,60,
120228,KR,495,AD,265,Music,,,5,2,3,0,2,0,0,0,0,0,1,2,0,1,0,0,1,1,0,5,
120228,KR,495,AMUSD,265,Music,,,143,76,67,0,67,13,5,3,0,0,5,49,1,5,2,0,16,10,30,113,
120228,KR,495,BA,265,Music,,,68,46,22,0,29,12,11,2,0,0,2,11,1,12,1,0,15,14,50,18,
120228,KR,495,BMA,5646,Lyric Theatre,,,29,8,21,0,22,0,0,5,0,0,1,0,1,0,0,0,1,5,23,6,
120228,KR,495,BME,168,Music Education,,,141,62,79,0,82,13,4,33,0,0,6,3,0,8,1,0,21,38,130,11,
120228,KR,495,BMUS,157,Voice,,,13,4,9,0,6,2,1,2,0,0,2,0,0,1,0,0,5,3,10,3,
120228,KR,495,BMUS,158,Instrumental Music,,,60,35,25,0,36,11,1,6,0,0,4,1,1,1,0,0,15,7,42,18,
120228,KR,495,BMUS,159,Music Composition,,,9,8,1,0,4,1,0,1,0,0,2,1,0,0,0,0,3,1,7,2,
120228,KR,495,BMUS,161,Open Studies,,,6,2,4,0,3,2,0,0,0,0,0,1,0,0,0,0,2,0,4,2,
120228,KR,495,BMUS,1481,Musicology,,,2,0,2,0,1,1,0,0,0,0,0,0,0,0,0,0,1,0,1,1,
120228,KR,495,BMUS,5045,Jazz Performance,,,14,14,0,0,12,0,2,0,0,0,0,0,0,2,0,0,0,2,12,2,
120228,KR,495,BS,5639,Computer Science and Music,,,32,28,4,0,12,10,0,1,0,0,0,8,1,0,0,0,10,1,14,18,
120228,KR,495,MME,168,Music Education,,,13,6,7,0,4,3,0,3,0,0,0,3,0,0,0,0,3,3,6,7,
120228,KR,495,MMUS,265,Music,,,95,43,52,0,55,4,4,6,0,0,2,24,0,5,0,0,6,10,17,78,
120228,KR,495,PHD,168,Music Education,,,8,4,4,0,3,1,1,2,0,0,0,1,0,1,0,0,1,3,4,4,
120228,KR,495,PHD,1481,Musicology,,,18,8,10,0,13,0,1,2,0,0,1,1,0,2,0,0,0,4,2,16,
120228,KR,526,BASA,5665,Studio Art,,,40,5,35,0,14,5,4,10,0,0,2,4,1,7,0,0,7,15,35,5,
120228,KR,526,BFA,148,Graphic Design,,,210,59,150,1,89,45,17,33,0,1,12,11,2,22,4,3,52,58,183,27,
120228,KR,526,BFA,150,History of Art,,,1,1,0,0,0,0,0,0,0,0,0,1,0,0,0,0,0,0,0,1,
120228,KR,526,BFA,151,Photography,,,16,5,11,0,9,2,0,3,0,0,2,0,0,1,0,0,3,4,14,2,
120228,KR,526,BFA,152,Industrial Design,,,147,79,68,0,35,43,8,16,0,0,5,38,2,10,1,0,50,24,78,69,
120228,KR,526,BFA,153,Painting,,,1,0,1,0,0,1,0,0,0,0,0,0,0,0,0,0,1,0,0,1,
120228,KR,526,BFA,169,Art Education,,,41,4,37,0,24,2,1,13,0,0,0,1,0,2,2,0,3,14,40,1,
120228,KR,526,BFA,5128,New Media,,,4,2,2,0,2,0,0,0,0,0,1,1,0,0,0,0,1,0,3,1,
120228,KR,526,BFA,5720,Art and Art History,,,7,0,6,1,4,0,0,1,0,0,0,2,0,0,1,0,0,1,5,2,
120228,KR,526,BFASA,5665,Studio Art,,,56,13,43,0,22,8,3,13,0,0,3,6,1,5,1,1,11,16,48,8,
120228,KR,526,EDM,169,Art Education,,,2,1,1,0,1,1,0,0,0,0,0,0,0,0,0,0,1,0,2,0,
120228,KR,526,MA,250,Art History,,,4,1,3,0,4,0,0,0,0,0,0,0,0,0,0,0,0,0,2,2,
120228,KR,526,MFA,252,Art and Design,,,31,14,17,0,9,3,3,1,0,0,0,15,0,3,0,0,3,4,6,25,
120228,KR,526,NONE,4090,Art Undeclared,,,13,3,10,0,5,5,0,1,0,0,1,1,0,1,0,0,6,2,12,1,
120228,KR,526,PHD,169,Art Education,,,17,4,13,0,7,1,0,1,0,0,0,8,0,1,0,0,1,1,6,11,
120228,KR,526,PHD,250,Art History,,,8,2,6,0,4,0,0,1,0,0,0,3,0,0,0,0,0,1,0,8,
120228,KR,569,BLA,156,Landscape Architecture,,,71,37,34,0,36,4,3,14,0,0,0,12,2,3,2,0,5,17,56,15,
120228,KR,569,MLA,156,Landscape Architecture,,,32,13,19,0,8,1,0,0,0,0,0,23,0,0,0,0,1,0,5,27,
120228,KR,569,MSUD,5721,Sustainable Urban Design,,,5,3,2,0,1,0,0,0,0,0,0,4,0,0,0,0,0,0,1,4,
120228,KR,569,PHD,156,Landscape Architecture,,,12,4,8,0,1,1,0,0,0,0,0,10,0,0,0,0,1,0,2,10,
120228,KR,644,BS,5749,Sustainable Design,,,77,30,47,0,39,8,6,13,0,0,4,6,1,8,0,0,12,21,70,7,
120228,KR,733,BA,5504,Urban Studies and Planning,,,97,55,42,0,47,11,12,20,0,0,1,6,0,15,4,0,13,33,78,19,
120228,KR,733,MS,5638,Sustainable Urban Management,,,2,1,1,0,0,0,0,0,0,0,0,2,0,0,0,0,0,0,0,2,
120228,KR,733,MUP,155,Urban Planning,,,55,17,38,0,10,4,3,4,0,0,3,31,0,5,0,1,6,9,15,40,
120228,KR,733,PHD,274,Regional Planning,,,12,2,10,0,2,0,1,0,0,0,0,9,0,1,0,0,0,1,0,12,
120228,KR,767,BS,4091,Architectural Studies,,,426,212,214,0,175,67,31,90,0,0,17,42,4,41,8,2,80,128,355,71,
120228,KR,767,MARCH,5642,Architecture,,,156,65,90,1,46,12,3,16,0,0,2,76,1,4,2,0,13,20,70,86,
120228,KR,767,MS,4091,Architectural Studies,,,6,3,3,0,2,0,0,1,0,0,0,3,0,1,0,0,0,1,2,4,
120228,KR,767,PHD,5642,Architecture,,,15,5,10,0,1,1,0,0,0,0,0,13,0,0,0,0,1,0,1,14,
120228,KR,801,BA,261,Dance,,,4,2,2,0,1,1,0,1,0,0,0,0,1,0,0,0,1,1,3,1,
120228,KR,801,BFA,261,Dance,,,46,6,40,0,26,3,12,4,0,0,1,0,0,13,0,0,3,17,35,11,
120228,KR,801,MFA,261,Dance,,,12,5,7,0,4,0,4,2,0,0,0,2,0,4,0,0,1,6,4,8,
120228,KR,883,BFA,162,Theatre,,,130,45,84,1,84,6,15,15,0,0,5,4,1,20,4,0,9,34,116,14,
120228,KR,883,MA,162,Theatre,,,1,0,1,0,1,0,0,0,0,0,0,0,0,0,0,0,0,0,0,1,
120228,KR,883,MFA,162,Theatre,,,58,22,36,0,42,1,5,3,1,0,0,6,0,5,1,0,1,9,7,51,
120228,KR,883,PHD,162,Theatre,,,7,3,4,0,6,0,0,0,0,0,0,1,0,0,0,0,0,0,2,5,
120228,LP,468,PHD,5094,Informatics,,,62,36,26,0,15,9,5,2,0,0,0,31,0,5,0,0,9,7,20,42,
120228,KT,238,PHD,5202,Communications and Media,,,36,9,27,0,3,1,1,3,0,0,1,26,1,1,0,0,2,4,5,31,
120228,KT,408,BS,277,Advertising,,,483,151,332,0,278,45,45,73,0,0,15,25,2,58,4,3,53,126,432,51,
120228,KT,408,BS,5673,Computer Science & Advertising,,,62,40,22,0,11,37,0,4,0,0,1,8,1,0,2,0,38,4,25,37,
120228,KT,408,MS,277,Advertising,,,26,12,14,0,2,1,0,1,0,0,1,21,0,1,0,0,1,2,2,24,
120228,KT,408,MS,5420,Strategic Brand Communication,,,99,41,58,0,50,9,14,10,0,0,1,3,12,15,2,0,10,24,40,59,
120228,KT,408,NDEG,5420,Strategic Brand Communication,,,5,4,1,0,2,0,3,0,0,0,0,0,0,3,0,0,0,3,0,5,
120228,KT,436,BS,5201,Media and Cinema Studies,,,146,76,70,0,59,9,20,25,0,0,8,23,2,21,3,0,16,48,118,28,
120228,KT,642,BS,278,Journalism,,,159,60,99,0,82,14,20,29,1,0,4,9,0,25,5,0,15,53,138,21,
120228,KT,642,MJ,278,Journalism,,,1,0,1,0,1,0,0,0,0,0,0,0,0,0,0,0,0,0,1,0,
120228,KT,642,MS,278,Journalism,,,10,4,6,0,4,0,0,2,0,0,0,4,0,1,0,0,0,2,6,4,
120228,KU,853,JD,385,Law,,,525,278,245,2,273,66,25,55,1,1,14,43,47,29,4,2,79,87,237,288,
120228,KU,853,JSD,281,Law,,,8,3,5,0,0,0,0,0,0,0,0,8,0,0,0,0,0,0,0,8,
120228,KU,853,LLM,281,Law,,,131,77,54,0,0,1,4,0,0,0,0,125,1,4,0,0,1,4,1,130,
120228,KU,853,MSL,5223,Law,,,5,1,4,0,3,0,0,0,0,0,1,1,0,1,1,0,0,1,4,1,
120228,KU,853,NDEG,385,Law,,,18,6,12,0,1,0,0,0,0,0,0,17,0,0,0,0,0,0,0,18,
120228,KV,241,BALAS,340,Anthropology,,,72,21,51,0,37,2,4,19,0,0,7,2,1,8,4,2,7,27,69,3,
120228,KV,241,BSLAS,5348,Computer Sci & Anthropology,,,17,8,9,0,2,10,1,0,0,0,2,2,0,1,0,0,12,1,10,7,
120228,KV,241,NONE,340,Anthropology,,,41,15,25,1,22,6,1,7,0,0,1,4,0,2,0,1,7,9,33,8,
120228,KV,241,PHD,340,Anthropology,,,50,10,40,0,21,1,1,11,0,0,4,11,1,3,2,1,4,14,4,46,
120228,KV,253,BSLAS,334,Atmospheric Sciences,,,51,28,23,0,37,3,2,3,0,0,3,1,2,4,1,0,4,7,45,6,
120228,KV,253,MS,334,Atmospheric Sciences,,,24,12,12,0,17,1,0,1,0,0,1,4,0,1,0,0,1,2,7,17,
120228,KV,253,MS,6046,Weather Climate Risk Analytics,,,2,2,0,0,2,0,0,0,0,0,0,0,0,0,0,0,0,0,1,1,
120228,KV,253,NDEG,6046,Weather Climate Risk Analytics,,,12,8,4,0,7,0,1,1,0,0,1,0,2,1,0,0,1,2,0,12,
120228,KV,253,PHD,334,Atmospheric Sciences,,,29,22,7,0,10,0,0,2,0,0,0,17,0,0,0,0,0,2,4,25,
120228,KV,257,BALAS,439,Mathematics,,,1,0,1,0,0,0,0,0,0,0,0,1,0,0,0,0,0,0,0,1,
120228,KV,257,BSLAS,439,Mathematics,,,147,111,36,0,24,27,1,6,0,0,4,84,1,2,3,0,30,9,50,97,
120228,KV,257,BSLAS,461,Actuarial Science,,,198,134,64,0,81,57,2,18,0,0,4,36,0,4,1,0,61,21,141,57,
120228,KV,257,BSLAS,1438,Math & Computer Science,,,272,223,49,0,45,106,2,0,1,1,7,106,4,3,1,1,113,5,96,176,
120228,KV,257,MS,290,Teaching of Mathematics,,,4,2,2,0,3,1,0,0,0,0,0,0,0,0,0,0,1,0,1,3,
120228,KV,257,MS,327,Applied Mathematics,,,11,9,2,0,5,0,0,0,0,0,0,6,0,0,0,0,0,0,3,8,
120228,KV,257,MS,439,Mathematics,,,25,22,3,0,1,0,0,1,0,0,0,22,1,0,0,0,0,1,2,23,
120228,KV,257,MS,461,Actuarial Science,,,30,15,15,0,2,1,0,1,0,0,0,26,0,1,1,0,1,1,4,26,
120228,KV,257,MS,6078,Predictive Analytic Risk Mgmt,,,22,8,14,0,1,1,0,1,0,0,0,19,0,0,0,0,1,1,1,21,
120228,KV,257,NONE,439,Mathematics,,,411,291,119,1,99,85,1,24,0,0,9,187,6,2,2,0,94,26,180,231,
120228,KV,257,PHD,439,Mathematics,,,149,105,44,0,34,11,3,8,0,0,4,88,1,4,0,0,15,12,8,141,
120228,KV,265,BSLAS,5313,"Earth, Soc, Env Sustainability",,,194,65,129,0,106,14,13,29,0,0,10,20,2,18,2,1,20,47,162,32,
120228,KV,292,PHD,314,Biology,,,23,13,10,0,14,0,0,2,0,0,1,6,0,1,0,0,0,3,4,19,
120228,KV,299,BSLAS,5535,Psychology,,,645,144,500,1,271,93,61,117,0,1,30,68,4,84,13,4,114,196,547,98,
120228,KV,299,BSLAS,5876,Brain and Cognitive Science,,,130,33,97,0,38,56,4,15,0,0,9,7,1,7,2,1,65,21,101,29,
120228,KV,299,MS,5625,Psychological Science,,,20,8,12,0,6,3,2,1,0,0,0,8,0,2,0,0,3,3,1,19,
120228,KV,299,NONE,5535,Psychology,,,1194,315,877,2,432,226,90,252,0,0,52,134,8,121,19,1,270,362,969,225,
120228,KV,299,PHD,5535,Psychology,,,129,47,82,0,41,20,8,10,0,0,4,46,0,10,0,0,23,19,10,119,
120228,KV,303,BALAS,1008,African American Studies,,,18,7,11,0,1,0,15,0,0,0,2,0,0,17,0,0,0,17,17,1,
120228,KV,324,BALAS,344,Sociology,,,220,75,145,0,57,27,38,46,0,0,4,48,0,46,5,0,32,86,160,60,
120228,KV,324,PHD,344,Sociology,,,31,14,17,0,11,1,3,5,0,0,1,10,0,5,1,0,2,8,4,27,
120228,KV,361,MS,324,Entomology,,,15,8,7,0,9,2,1,1,0,0,1,1,0,2,0,0,3,2,9,6,
120228,KV,361,PHD,324,Entomology,,,16,9,7,0,11,1,0,0,0,0,0,4,0,0,0,0,1,0,4,12,
120228,KV,362,BALAS,285,E Asian Languages & Cultures,,,41,15,26,0,11,5,4,11,0,0,3,6,1,6,0,0,8,16,33,8,
120228,KV,362,MA,285,E Asian Languages & Cultures,,,15,5,10,0,6,1,0,1,0,0,0,7,0,0,0,0,1,1,3,12,
120228,KV,362,PHD,285,E Asian Languages & Cultures,,,28,12,16,0,1,0,0,1,0,0,0,26,0,0,0,0,0,1,0,28,
120228,KV,377,MS,320,Plant Biology,,,3,0,3,0,1,1,0,0,0,0,0,1,0,0,0,0,1,0,1,2,
120228,KV,377,PHD,320,Plant Biology,,,22,16,6,0,7,2,1,3,0,0,0,9,0,1,0,0,3,4,4,18,
120228,KV,383,BALAS,438,Integrative Biology,,,1,0,1,0,1,0,0,0,0,0,0,0,0,0,0,0,0,0,1,0,
120228,KV,383,BSLAS,438,Integrative Biology,,,438,160,277,1,219,83,31,60,0,0,26,15,4,40,12,5,101,104,405,33,
120228,KV,383,MS,5107,"Ecol, Evol, Conservation Biol",,,7,2,5,0,1,0,1,2,0,0,2,1,0,2,2,0,1,4,3,4,
120228,KV,383,MS,5278,Teaching of Biological Science,,,13,3,10,0,12,0,0,1,0,0,0,0,0,0,0,0,0,1,6,7,
120228,KV,383,MS,6936,Integrative Biology,,,10,4,6,0,7,1,0,1,0,0,0,1,0,0,1,0,1,1,7,3,
120228,KV,383,PHD,5107,"Ecol, Evol, Conservation Biol",,,37,16,21,0,17,3,1,8,0,0,3,5,0,2,2,0,4,11,8,29,
120228,KV,397,NONE,314,Biology,,,623,224,399,0,236,182,51,89,1,0,26,33,5,61,14,2,208,145,565,58,
120228,KV,404,BALAS,5526,Asian American Studies,,,1,1,0,0,0,1,0,0,0,0,0,0,0,0,0,0,1,0,1,0,
120228,KV,405,BALAS,74,Economics,,,704,507,197,0,191,124,26,69,0,0,16,270,8,33,5,2,134,104,383,321,
120228,KV,405,BSLAS,5321,Econometrics & Quant Econ,,,141,106,35,0,34,40,2,12,0,0,1,51,1,3,1,0,41,14,69,72,
120228,KV,405,BSLAS,5667,Computer Science & Economics,,,156,117,39,0,12,107,2,3,0,0,5,22,5,3,1,0,111,6,59,97,
120228,KV,405,MS,5591,Economics,,,145,87,58,0,4,0,1,2,0,1,0,135,2,1,0,1,0,4,6,139,
120228,KV,405,PHD,5591,Economics,,,94,60,34,0,8,2,0,2,0,0,1,81,0,0,0,0,4,2,5,89,
120228,KV,413,BS,335,Chemistry,,,189,118,71,0,63,40,4,21,0,0,11,47,3,5,2,1,51,26,115,74,
120228,KV,413,BSLAS,335,Chemistry,,,247,104,143,0,102,63,9,32,0,0,14,26,1,13,3,1,76,44,211,36,
120228,KV,413,BSLAS,5350,Computer Sci & Chemistry,,,24,13,11,0,6,16,0,0,0,0,0,2,0,0,0,0,16,0,14,10,
120228,KV,413,MS,335,Chemistry,,,4,2,2,0,3,0,0,1,0,0,0,0,0,0,0,0,0,1,1,3,
120228,KV,413,PHD,335,Chemistry,,,262,154,107,1,135,17,13,23,0,0,7,66,1,17,3,0,23,38,20,242,
120228,KV,415,BSLAS,323,Neuroscience,,,2,2,0,0,0,2,0,0,0,0,0,0,0,0,0,0,2,0,2,0,
120228,KV,415,BSLAS,433,Molecular and Cellular Biology,,,799,322,477,0,320,261,35,96,0,0,42,33,12,40,6,4,306,139,719,80,
120228,KV,415,MS,433,Molecular and Cellular Biology,,,9,4,5,0,2,2,0,2,0,0,1,2,0,0,0,0,3,2,7,2,
120228,KV,415,NONE,3854,Molecular&Cell Bio-undeclared,,,28,10,18,0,9,0,0,0,0,0,1,18,0,1,0,0,0,1,2,26,
120228,KV,415,PHD,319,Biophysics & Computnl Biology,,,2,1,1,0,1,0,0,0,0,0,0,1,0,0,0,0,0,0,0,2,
120228,KV,415,PHD,5414,Biophysics & Quant Biology,,,51,37,14,0,10,6,0,2,0,0,1,31,1,0,1,0,8,2,4,47,
120228,KV,430,BSLAS,333,Astronomy,,,70,37,33,0,32,10,4,2,0,0,2,18,2,5,0,0,12,7,45,25,
120228,KV,430,BSLAS,5349,Computer Sci & Astronomy,,,50,41,9,0,8,24,0,2,0,0,1,13,2,0,1,0,25,2,16,34,
120228,KV,430,BSLAS,6072,Astrophysics,,,21,12,9,0,7,2,0,5,0,0,1,6,0,0,1,0,3,5,13,8,
120228,KV,430,PHD,333,Astronomy,,,37,23,14,0,21,0,0,4,0,0,1,11,0,2,0,0,1,4,2,35,
120228,KV,438,BS,318,Biochemistry,,,318,153,165,0,125,114,12,20,0,0,12,27,8,13,2,0,125,33,267,51,
120228,KV,438,BSLAS,318,Biochemistry,,,1,1,0,0,1,0,0,0,0,0,0,0,0,0,0,0,0,0,1,0,
120228,KV,438,PHD,318,Biochemistry,,,61,32,29,0,12,4,0,4,0,0,2,39,0,0,0,0,7,4,6,55,
120228,KV,451,BALAS,342,History,,,298,186,112,0,201,15,10,45,0,0,14,10,3,15,7,1,24,62,279,19,
120228,KV,451,MA,342,History,,,5,4,1,0,5,0,0,0,0,0,0,0,0,0,0,0,0,0,4,1,
120228,KV,451,PHD,342,History,,,58,33,25,0,25,1,3,7,0,0,3,19,0,3,2,0,3,11,7,51,
120228,KV,461,MA,283,African Studies,,,3,2,1,0,0,0,2,0,0,0,0,1,0,2,0,0,0,2,2,1,
120228,KV,489,BALAS,5164,Communication,,,573,224,349,0,271,33,104,82,0,0,22,60,1,116,6,1,48,195,485,88,
120228,KV,489,MA,5164,Communication,,,12,3,9,0,5,1,2,3,0,0,0,1,0,3,0,0,2,5,4,8,
120228,KV,489,MS,5285,Health Communication,,,27,6,21,0,21,0,2,2,0,0,2,0,0,3,0,0,2,4,12,15,
120228,KV,489,PHD,5164,Communication,,,40,10,30,0,25,4,3,4,0,0,0,4,0,4,0,0,4,7,6,34,
120228,KV,490,BALAS,5197,Religion,,,5,4,0,1,0,2,0,0,0,0,2,1,0,0,0,0,4,0,2,3,
120228,KV,490,MA,5197,Religion,,,7,4,3,0,5,0,0,0,0,0,1,0,1,0,0,0,1,0,4,3,
120228,KV,499,BALAS,311,English,,,322,75,247,0,170,36,22,76,0,0,13,3,2,27,6,1,51,102,312,10,
120228,KV,499,BALAS,5347,Creative Writing,,,90,36,53,1,50,4,16,15,0,0,4,0,1,18,0,2,9,33,86,4,
120228,KV,499,MA,311,English,,,9,1,8,0,5,2,0,1,0,0,0,0,1,0,0,0,2,1,3,6,
120228,KV,499,MFA,1136,Creative Writing,,,15,5,10,0,13,0,0,2,0,0,0,0,0,0,1,0,0,2,4,11,
120228,KV,499,NONE,311,English,,,1,0,1,0,0,0,1,0,0,0,0,0,0,1,0,0,0,1,1,0,
120228,KV,499,PHD,311,English,,,65,22,43,0,36,2,7,6,1,0,5,8,0,7,3,0,6,15,5,60,
120228,KV,514,BALAS,308,Classics,,,5,1,4,0,4,1,0,0,0,0,0,0,0,0,0,0,1,0,4,1,
120228,KV,514,MA,345,Teaching of Latin,,,2,0,2,0,1,0,0,1,0,0,0,0,0,0,0,0,0,1,1,1,
120228,KV,514,NONE,308,Classics,,,5,2,3,0,3,1,0,0,0,0,0,1,0,0,0,0,1,0,2,3,
120228,KV,514,PHD,347,Classical Philology,,,16,10,6,0,12,0,0,2,0,0,0,2,0,0,0,0,0,2,1,15,
120228,KV,553,BALAS,4097,"Russian, E Eur, Eurasian St",,,1,1,0,0,1,0,0,0,0,0,0,0,0,0,0,0,0,0,1,0,
120228,KV,553,MA,4097,"Russian, E Eur, Eurasian St",,,4,2,2,0,4,0,0,0,0,0,0,0,0,0,0,0,0,0,0,4,
120228,KV,580,BALAS,150,History of Art,,,10,2,8,0,3,1,0,4,0,0,1,1,0,1,1,0,1,5,8,2,
120228,KV,580,BALAS,3865,Interdisciplinary,,,1,0,1,0,1,0,0,0,0,0,0,0,0,0,0,0,0,0,0,1,
120228,KV,580,BALAS,5215,Global Studies,,,130,29,101,0,61,20,7,28,0,0,4,10,0,10,2,1,22,38,114,16,
120228,KV,580,BSLAS,240,Physics,,,59,47,12,0,23,9,2,8,0,0,0,17,0,2,3,0,9,10,37,22,
120228,KV,580,BSLAS,463,Individual Plans of Study,,,4,4,0,0,1,1,0,1,0,0,0,1,0,0,0,0,1,1,3,1,
120228,KV,580,NONE,390,General Curriculum,,,165,89,76,0,57,17,21,40,0,0,2,25,3,23,3,1,19,62,134,31,
120228,KV,580,NONE,5246,LAS - Undeclared,,,131,34,97,0,7,0,68,55,0,0,0,0,1,70,5,0,1,123,130,1,
120228,KV,583,BSLAS,329,Statistics,,,430,278,152,0,87,117,1,16,0,0,6,199,4,2,1,0,123,18,175,255,
120228,KV,583,BSLAS,464,Statistics & Computer Science,,,308,258,50,0,22,203,0,3,0,0,5,71,4,2,0,0,208,5,109,199,
120228,KV,583,MS,329,Statistics,,,162,94,68,0,20,6,0,5,0,0,0,130,1,0,0,0,7,5,21,141,
120228,KV,583,PHD,329,Statistics,,,66,53,13,0,10,7,0,2,0,0,0,46,1,0,0,0,7,2,0,66,
120228,KV,584,PHD,4094,Cell and Developmental Biology,,,41,14,27,0,4,1,1,0,0,0,0,35,0,1,0,0,1,1,2,39,
120228,KV,585,BA,297,Teaching of Spanish,,,4,1,3,0,2,0,0,2,0,0,0,0,0,0,0,0,0,2,4,0,
120228,KV,585,BALAS,306,Portuguese,,,1,1,0,0,0,0,0,1,0,0,0,0,0,0,0,0,0,1,1,0,
120228,KV,585,BALAS,307,Spanish,,,47,7,40,0,15,3,3,23,0,0,1,1,1,4,0,0,3,27,44,3,
120228,KV,585,MA,306,Portuguese,,,2,0,2,0,0,0,0,0,0,0,0,2,0,0,0,0,0,0,0,2,
120228,KV,585,MA,307,Spanish,,,13,5,8,0,1,0,0,3,0,0,1,8,0,1,0,0,1,3,1,12,
120228,KV,585,PHD,307,Spanish,,,37,14,23,0,4,0,0,11,0,0,0,22,0,1,0,0,0,11,3,34,
120228,KV,604,PHD,325,Molecular & Integrative Physi,,,30,14,16,0,6,2,2,1,0,0,1,18,0,2,1,0,3,3,6,24,
120228,KV,655,BS,336,Geology,,,26,12,14,0,16,3,0,4,0,0,2,1,0,0,0,0,5,4,23,3,
120228,KV,655,BSLAS,336,Geology,,,17,8,9,0,9,2,1,4,0,0,0,1,0,1,0,0,2,5,16,1,
120228,KV,655,MS,336,Geology,,,9,7,2,0,4,0,0,1,0,0,1,3,0,0,0,0,1,1,2,7,
120228,KV,655,NDEG,6059,Environmental Geology,,,5,1,4,0,4,0,0,0,0,0,0,0,1,0,0,0,0,0,0,5,
120228,KV,655,PHD,336,Geology,,,29,15,14,0,12,1,1,3,0,0,2,10,0,1,0,1,3,5,9,20,
120228,KV,670,MA,5203,European Union Studies,,,3,2,1,0,1,0,0,1,0,0,0,1,0,0,0,0,0,1,2,1,
120228,KV,680,BALAS,1279,Gender and Women's Studies,,,24,1,23,0,10,2,3,4,0,0,0,5,0,3,0,0,2,7,19,5,
120228,KV,687,BS,300,Chemical Engineering,,,500,310,190,0,216,137,13,40,0,0,22,61,11,16,4,0,160,55,375,125,
120228,KV,687,MS,300,Chemical Engineering,,,1,1,0,0,0,0,0,0,0,0,0,1,0,0,0,0,0,0,0,1,
120228,KV,687,PHD,300,Chemical Engineering,,,129,74,55,0,23,17,2,13,0,0,2,72,0,4,1,1,19,15,8,121,
120228,KV,710,BALAS,343,Political Science,,,390,182,208,0,204,37,27,99,0,0,11,5,7,36,6,1,45,132,369,21,
120228,KV,710,NONE,343,Political Science,,,475,219,255,1,239,62,40,95,0,0,18,13,8,50,9,4,72,145,427,48,
120228,KV,710,PHD,343,Political Science,,,51,21,30,0,13,1,1,5,0,0,1,30,0,3,0,1,2,7,3,48,
120228,KV,715,BALAS,332,Philosophy,,,85,64,21,0,29,19,2,14,0,0,4,16,1,4,2,1,23,19,60,25,
120228,KV,715,BSLAS,5679,Computer Science & Philosophy,,,81,57,24,0,17,45,1,0,0,0,3,15,0,1,0,0,48,1,32,49,
120228,KV,715,PHD,332,Philosophy,,,25,17,8,0,14,0,0,1,0,0,1,8,1,1,0,0,0,2,2,23,
120228,KV,729,BALAS,286,Latin American Studies,,,2,1,1,0,0,0,0,2,0,0,0,0,0,0,0,0,0,2,2,0,
120228,KV,729,MA,286,Latin American Studies,,,6,2,4,0,0,0,0,2,0,0,0,4,0,1,0,0,0,2,1,5,
120228,KV,771,BALAS,5868,Comparative & World Literature,,,3,1,2,0,2,0,0,1,0,0,0,0,0,0,0,0,0,1,3,0,
120228,KV,771,PHD,1120,Comparative Literature,,,20,4,16,0,5,0,0,0,0,0,1,13,1,0,0,0,1,0,0,20,
120228,KV,787,MA,5346,Translation and Interpreting,,,36,10,26,0,16,2,2,7,0,0,2,3,4,3,0,0,3,10,11,25,
120228,KV,864,BALAS,301,Linguistics,,,75,31,44,0,38,11,2,14,0,0,5,5,0,6,2,0,16,18,67,8,
120228,KV,864,BALAS,6039,Linguistics and Teaching ESL,,,7,0,7,0,3,1,0,3,0,0,0,0,0,0,0,0,1,3,7,0,
120228,KV,864,BSLAS,5351,Computer Sci & Linguistics,,,103,69,34,0,21,57,0,3,0,0,1,18,3,0,0,0,58,3,32,71,
120228,KV,864,MA,299,Teaching of English Sec Lang,,,24,5,19,0,4,2,0,3,0,0,0,15,0,1,0,0,2,3,4,20,
120228,KV,864,PHD,301,Linguistics,,,42,13,29,0,12,3,0,5,0,0,2,20,0,2,1,1,4,6,6,36,
120228,KV,872,BALAS,5330,Geography & Geographic Info Sc,,,3,3,0,0,1,0,0,1,0,0,0,1,0,0,0,1,0,1,2,1,
120228,KV,872,BSLAS,5676,Computer Science & Geog & GIS,,,15,8,7,0,3,9,0,0,0,0,0,3,0,0,0,0,9,0,8,7,
120228,KV,872,BSLAS,5694,Geography & Geographic Info Sc,,,38,25,13,0,18,8,1,1,0,0,0,10,0,1,0,0,8,2,24,14,
120228,KV,872,MA,341,Geography,,,2,0,2,0,1,0,0,1,0,0,0,0,0,0,0,0,0,1,0,2,
120228,KV,872,MS,5856,Geography,,,14,10,4,0,2,2,0,0,0,0,0,10,0,0,0,0,2,0,3,11,
120228,KV,872,MS,6073,CyberGIS & Geospatial Data Sci,,,4,4,0,0,1,0,1,0,0,0,0,0,2,1,0,0,0,1,2,2,
120228,KV,872,NDEG,6073,CyberGIS & Geospatial Data Sci,,,1,1,0,0,0,0,0,1,0,0,0,0,0,0,0,0,0,1,0,1,
120228,KV,872,NONE,5330,Geography & Geographic Info Sc,,,9,8,1,0,6,0,0,0,0,0,0,2,1,0,0,0,0,0,7,2,
120228,KV,872,PHD,341,Geography,,,24,11,13,0,4,0,0,3,0,0,0,17,0,0,1,0,0,3,2,22,
120228,KV,872,PHD,5856,Geography,,,1,1,0,0,0,0,0,0,0,0,0,1,0,0,0,0,0,0,0,1,
120228,KV,927,BALAS,1292,Germanic Studies,,,7,4,3,0,5,1,0,1,0,0,0,0,0,0,0,0,1,1,7,0,
120228,KV,927,MA,303,German,,,6,2,4,0,5,0,0,0,0,0,0,1,0,0,0,0,0,0,3,3,
120228,KV,927,PHD,303,German,,,7,5,2,0,3,0,0,0,0,0,0,4,0,0,0,0,0,0,1,6,
120228,KV,948,PHD,322,Microbiology,,,53,21,32,0,23,4,0,4,0,0,0,21,1,0,0,0,4,4,4,49,
120228,KV,954,MA,5312,S Asian & Middle Eastern St,,,2,1,1,0,0,0,0,0,0,0,1,1,0,0,0,0,1,0,1,1,
120228,KV,958,BALAS,5459,Slavic Studies,,,2,2,0,0,1,0,0,1,0,0,0,0,0,0,0,0,0,1,2,0,
120228,KV,958,PHD,302,Slavic Languages & Literature,,,16,5,11,0,6,1,0,1,0,0,0,8,0,0,0,0,1,1,2,14,
120228,KV,968,PHD,323,Neuroscience,,,57,22,35,0,19,5,0,7,0,0,4,22,0,1,2,0,7,9,9,48,
120228,KV,982,BALAS,5167,Latina/Latino Studies,,,17,3,14,0,0,0,0,17,0,0,0,0,0,0,1,1,0,17,17,0,
120228,KV,985,BALAS,304,French,,,8,2,6,0,4,1,1,1,0,0,0,1,0,1,0,0,1,2,6,2,
120228,KV,985,BALAS,305,Italian,,,1,1,0,0,0,1,0,0,0,0,0,0,0,0,0,0,1,0,1,0,
120228,KV,985,MA,304,French,,,4,1,3,0,2,0,1,1,0,0,0,0,0,1,1,0,0,2,2,2,
120228,KV,985,MA,305,Italian,,,1,0,1,0,0,0,0,0,0,0,0,1,0,0,0,0,0,0,0,1,
120228,KV,985,PHD,304,French,,,12,4,8,0,5,0,0,0,0,0,1,6,0,0,0,0,1,0,2,10,
120228,KV,985,PHD,305,Italian,,,4,1,3,0,1,0,0,0,0,0,0,3,0,0,0,0,0,0,1,3,
120228,KW,605,NONE,5083,Undeclared,,,2030,1116,912,2,748,266,224,394,1,3,66,307,21,267,35,12,323,651,1661,369,
120228,KW,605,NONE,5589,Pre-Engineering,,,200,165,35,0,52,40,5,10,0,1,3,87,2,5,0,1,44,16,103,97,
120228,KY,581,BS,349,Community Health,,,481,129,352,0,155,92,107,108,0,0,15,2,2,120,3,7,105,223,467,14,
120228,KY,581,BS,351,Kinesiology,,,610,295,315,0,298,104,57,97,2,1,30,16,5,79,11,6,122,177,546,64,
120228,KY,581,BS,5460,Interdisciplinary Health Sci,,,550,86,464,0,214,131,70,106,0,0,17,7,5,82,7,2,146,181,528,22,
120228,KY,581,MHAD,1300,Health Administration,,,35,13,22,0,12,9,4,4,0,0,0,6,0,6,0,0,9,8,24,11,
120228,KY,581,MPH,1630,Public Health,,,31,8,23,0,9,5,11,2,0,0,1,3,0,11,0,1,6,14,27,4,
120228,KY,581,MPH,5884,Epidemiology,,,24,10,14,0,7,4,0,3,0,0,1,8,1,1,0,0,4,4,14,10,
120228,KY,581,MS,349,Community Health,,,6,2,4,0,1,1,0,2,0,0,0,2,0,0,1,0,1,2,2,4,
120228,KY,581,MS,351,Kinesiology,,,27,10,17,0,7,1,2,3,0,0,3,11,0,4,0,0,2,7,10,17,
120228,KY,581,MS,5875,Health Technology,,,8,6,2,0,5,0,1,0,0,0,0,2,0,1,0,0,0,1,6,2,
120228,KY,581,PHD,349,Community Health,,,31,16,15,0,4,2,6,1,0,0,0,18,0,6,0,0,3,7,3,28,
120228,KY,581,PHD,351,Kinesiology,,,43,17,26,0,22,0,2,4,0,0,1,14,0,3,0,0,1,7,13,30,
120228,KY,679,AUD,1053,Audiology,,,27,4,22,1,16,1,0,5,0,0,1,4,0,0,0,1,2,6,20,7,
120228,KY,679,BS,354,Speech & Hearing Science,,,246,8,238,0,161,18,12,44,0,0,10,0,1,14,1,1,26,58,239,7,
120228,KY,679,MA,354,Speech & Hearing Science,,,57,3,54,0,41,3,4,5,0,0,1,3,0,5,0,0,4,10,45,12,
120228,KY,679,NDEG,354,Speech & Hearing Science,,,1,0,1,0,1,0,0,0,0,0,0,0,0,0,0,0,0,0,1,0,
120228,KY,679,PHD,354,Speech & Hearing Science,,,14,3,11,0,5,0,0,0,0,0,0,9,0,0,0,0,0,0,2,12,
120228,KY,714,BS,4043,"Recreation, Sport, and Tourism",,,297,225,72,0,172,11,41,31,0,0,18,21,3,52,4,0,21,82,233,64,
120228,KY,714,MS,4043,"Recreation, Sport, and Tourism",,,52,35,17,0,26,0,10,7,0,0,0,7,2,12,1,0,0,17,30,22,
120228,KY,714,NDEG,4043,"Recreation, Sport, and Tourism",,,1,0,1,0,1,0,0,0,0,0,0,0,0,0,0,0,0,0,0,1,
120228,KY,714,PHD,4043,"Recreation, Sport, and Tourism",,,34,18,16,0,6,0,4,4,0,0,0,20,0,4,1,0,0,8,4,30,
120228,LC,282,MS,5216,VMS - Pathobiology,,,5,2,3,0,2,0,0,2,0,0,0,1,0,0,0,0,0,2,2,3,
120228,LC,282,PHD,5216,VMS - Pathobiology,,,48,28,20,0,11,0,0,1,0,0,0,35,1,0,0,0,0,1,8,40,
120228,LC,444,DVM,480,Veterinary Medicine,,,538,85,452,1,422,26,9,61,0,0,16,4,0,14,3,1,39,75,304,234,
120228,LC,444,MVS,5921,Livestock Systems Health,,,38,15,23,0,26,1,1,3,0,0,2,0,5,1,2,0,1,6,8,30,
120228,LC,444,NDEG,480,Veterinary Medicine,,,29,1,28,0,17,1,2,3,0,0,0,0,6,2,0,0,1,5,0,29,
120228,LC,444,NDEG,5921,Livestock Systems Health,,,4,2,2,0,2,0,0,0,0,0,0,0,2,0,0,0,0,0,0,4,
120228,LC,598,MS,359,VMS-Veterinary Clinical Medcne,,,38,10,28,0,24,5,0,2,0,0,0,6,1,0,0,0,5,2,6,32,
120228,LC,873,MS,5274,VMS - Comparative Biosciences,,,1,1,0,0,0,0,0,0,0,0,0,1,0,0,0,0,0,0,0,1,
120228,LC,873,PHD,5274,VMS - Comparative Biosciences,,,33,12,21,0,5,1,2,0,0,0,0,25,0,2,0,0,1,2,2,31,
120228,LG,568,MHRIR,364,Human Res & Industrial Rels,,,275,68,204,3,105,44,30,33,1,0,11,50,1,35,7,0,51,69,152,123,
120228,LG,568,NDEG,364,Human Res & Industrial Rels,,,3,1,2,0,2,0,0,0,0,0,1,0,0,0,0,0,1,0,1,2,
120228,LG,568,PHD,364,Human Res & Industrial Rels,,,15,5,10,0,0,1,0,1,0,0,0,13,0,0,1,0,1,1,1,14,
120228,LL,783,BSW,365,Social Work,,,278,39,238,1,154,11,31,65,0,1,9,6,1,38,8,3,17,103,264,14,
120228,LL,783,MSW,365,Social Work,,,425,66,357,2,288,17,54,54,1,0,11,0,0,63,5,1,22,116,401,24,
120228,LL,783,NDEG,365,Social Work,,,4,1,3,0,4,0,0,0,0,0,0,0,0,0,0,0,0,0,4,0,
120228,LL,783,PHD,365,Social Work,,,30,7,23,0,8,3,4,3,0,0,0,12,0,4,0,0,3,7,12,18,
120228,LN,641,NDEG,1249,Nondegree-CE,,,188,75,110,3,79,26,9,12,0,0,3,3,56,9,0,0,29,21,3,185,
120228,LP,992,BS,5695,Information Sciences,,,409,245,164,0,93,148,21,51,0,0,9,83,4,25,3,0,159,73,262,147,
120228,LP,992,BS,6074,Information Sciences + DS,,,30,17,13,0,2,13,0,1,0,0,0,14,0,0,0,0,13,1,12,18,
120228,LP,992,CAS,370,Library & Information Science,,,9,3,6,0,8,0,0,0,0,0,0,1,0,0,0,0,0,0,8,1,
120228,LP,992,MS,370,Library & Information Science,,,558,99,449,10,410,22,26,56,0,1,25,11,7,33,8,2,38,94,325,233,
120228,LP,992,MS,5581,Information Management,,,414,229,185,0,0,8,2,0,0,0,0,403,1,2,0,0,8,2,4,410,
120228,LP,992,NDEG,370,Library & Information Science,,,49,4,45,0,31,2,10,2,0,0,0,1,3,10,0,0,2,12,0,49,
120228,LP,992,NDEG,5695,Information Sciences,,,3,3,0,0,2,0,0,1,0,0,0,0,0,0,0,0,0,1,3,0,
120228,LP,992,PHD,370,Library & Information Science,,,11,2,9,0,2,0,2,2,0,0,0,5,0,3,0,0,0,4,2,9,
120228,LP,992,PHD,5695,Information Sciences,,,87,41,46,0,13,8,9,2,0,0,2,53,0,11,2,0,9,13,11,76,
120228,LT,869,MD,5641,Medicine - Carle Illinois COM,,,183,101,82,0,65,78,7,8,0,0,14,0,11,9,5,3,87,24,41,142,
